track_name,artist,album,duration_ms,genres,tempo,loudness,energy,danceability,key,instrumentalness
A RING,TOWA TEI,LAST CENTURY MODERN,188133,"japanese jazztronica, shibuya-kei",151.936,-7.719,0.806,0.766,7,0.243
Alright,Kendrick Lamar,To Pimp A Butterfly,219333,"conscious hip hop, hip hop, rap, west coast rap",110.034,-5.974,0.766,0.796,7,0
Amen,Logic,No Pressure,146771,"conscious hip hop, hip hop, pop rap, rap",170.339,-5.748,0.789,0.604,2,0
Blizzard Beasts,Immortal,Blizzard Beasts,169786,"black metal, metal, norwegian black metal, norwegian metal, pagan black metal, thrash metal",174.109,-7.904,0.972,0.13,1,0.9
Congratulations,Post Malone,Stoney (Deluxe),220293,"dfw rap, melodic rap, pop, rap",123.146,-4.183,0.804,0.63,6,0
fuck money stay pretty,Black Kray,Back to the Witchhouse,186826,"cloud rap, plugg, pluggnb",105.5,-13.599,0.669,0.191,8,0.753
Homecoming,Kanye West,Graduation,203493,"chicago rap, hip hop, rap",86.917,-7.059,0.747,0.667,1,0
Los Chismes,Chalino Sanchez,Alma Enamorada,179211,"banda, corrido, corridos clasicos, musica mexicana, norteno, sierreno",121.18,-8.036,0.737,0.779,8,0.000279
M-16,Sodom,M-16,289133,"black thrash, death metal, deathrash, german metal, german thrash metal, metal, old school thrash, speed metal, thrash metal",140.902,-6.429,0.947,0.307,2,0.931
Missing Sibling,Black Marble,It's Immaterial,103184,"chillwave, experimental pop, grave wave, nu gaze",142.055,-13.408,0.389,0.373,2,0.908
OH! TENGO SUERTE,Masayoshi Takanaka,SEYCHELLES,252666,classic japanese jazz,93.555,-9.487,0.744,0.519,2,0.0526
Polish Girl,Neon Indian,Era Extraña,264000,"chillwave, denton tx indie, hypnagogic pop, indietronica, neo-synthpop",111.984,-4.255,0.873,0.622,9,1.25e-05
Religiously,Bailey Zimmerman,Religiously. The Album.,178723,"contemporary country, modern country pop",140.924,-6.519,0.67,0.57,1,0
Saigo-no Tejina,Hiroshi Sato,Time,225226,classic city pop,144.907,-9.572,0.558,0.62,5,0.00447
Scar Tissue,Red Hot Chili Peppers,Californication (Deluxe Edition),215906,"alternative rock, funk metal, funk rock, permanent wave, rock",88.969,-4.803,0.717,0.595,0,0.00274
The Cuddler,Dance Gavin Dance,Instant Gratification,153400,"pixie, sacramento indie, screamo, swancore",140.981,-2.479,0.977,0.487,4,0
The Missing Boy,The Durutti Column,LC,395160,uk post-punk,162.429,-10.501,0.815,0.556,11,0.848
Wagon Wheel,Darius Rucker,True Believers,298373,"black americana, contemporary country, country, country road, modern country rock",148.096,-7.174,0.66,0.537,9,0
What A Wonderful World,Louis Armstrong,What A Wonderful World,139226,"adult standards, dixieland, harlem renaissance, jazz trumpet, new orleans jazz, soul, swing, vocal jazz",77.082,-20.652,0.165,0.271,5,1.6e-06
